Workbook

Sheet 2024
D1: DAFTAR NASABAH BANK SAMPAH DIGITAL
A3: No | B3: Nama Lengkap | C3: Sisa Saldo 2023 | D3: Jan | E3: Mart | F3: Mei | G3: Juni | H3: Jul | I3: Agustus | J3: Sep | K3: Okt | L3: Nov | M3: Des | N3: Jumlah Total | O3: Pencairan | P3: Sisa Saldo
A4: 1 | B4: Jajat Sudrajat | C4: ='GANG MASJID 20223'!O4 -> 77950 | N4: =SUM(C4:M4) -> 77950 | P4: =N4-O4 -> 77950
A5: 2 | B5: Hafifah | C5: ='GANG MASJID 20223'!O5 -> 64450 | F5: 13900 | N5: =SUM(C5:M5) -> 78350 | P5: =N5-O5 -> 78350
A6: 3 | B6: Hamidah | C6: ='GANG MASJID 20223'!O6 -> 14950 | N6: =SUM(C6:M6) -> 14950 | P6: =N6-O6 -> 14950
A7: 4 | B7: Imam Hambali | C7: ='GANG MASJID 20223'!O7 -> 444100 | D7: 72400 | F7: 55600 | N7: =SUM(C7:M7) -> 572100 | P7: =N7-O7 -> 572100
A8: 5 | B8: Yesi Rahmawati | C8: ='GANG MASJID 20223'!O8 -> 27050 | N8: =SUM(C8:M8) -> 27050 | P8: =N8-O8 -> 27050
A9: 6 | B9: Zainul Falah | C9: ='GANG MASJID 20223'!O9 -> 0 | N9: =SUM(C9:M9) -> 0 | P9: =N9-O9 -> 0
A10: 7 | B10: TB Hidayatullah | C10: ='GANG MASJID 20223'!O10 -> 0 | N10: =SUM(C10:M10) -> 0 | P10: =N10-O10 -> 0
A11: 8 | B11: Sutilah | C11: ='GANG MASJID 20223'!O11 -> 95150 | F11: 5850 | N11: =SUM(C11:M11) -> 101000 | P11: =N11-O11 -> 101000
A12: 9 | B12: Hikmaturochman | C12: ='GANG MASJID 20223'!O12 -> 108500 | E12: 9900 | G12: 25500 | N12: =SUM(C12:M12) -> 143900 | P12: =N12-O12 -> 143900
A13: 10 | B13: Hasunah | C13: ='GANG MASJID 20223'!O13 -> 120150 | N13: =SUM(C13:M13) -> 120150 | P13: =N13-O13 -> 120150
A14: 11 | B14: Tuti Aisyah | C14: ='GANG MASJID 20223'!O14 -> 7700 | N14: =SUM(C14:M14) -> 7700 | P14: =N14-O14 -> 7700
A15: 12 | B15: Edi Maryadi | C15: ='GANG MASJID 20223'!O15 -> 0 | N15: =SUM(C15:M15) -> 0 | P15: =N15-O15 -> 0
A16: 13 | B16: Hadijah | C16: ='GANG MASJID 20223'!O16 -> 211000 | E16: 22000 | F16: 20600 | H16: 22850 | N16: =SUM(C16:M16) -> 276450 | P16: =N16-O16 -> 276450
A17: 14 | B17: Ulfah | C17: ='GANG MASJID 20223'!O17 -> 65300 | N17: =SUM(C17:M17) -> 65300 | P17: =N17-O17 -> 65300
A18: 15 | B18: Rosilawati | C18: ='GANG MASJID 20223'!O18 -> 700 | N18: =SUM(C18:M18) -> 700 | P18: =N18-O18 -> 700
A19: 16 | B19: Wawan Qurroten | C19: ='GANG MASJID 20223'!O19 -> 16850 | N19: =SUM(C19:M19) -> 16850 | P19: =N19-O19 -> 16850
A20: 17 | B20: Ani Meilani | C20: ='GANG MASJID 20223'!O20 -> 6275 | N20: =SUM(C20:M20) -> 6275 | P20: =N20-O20 -> 6275
A21: 18 | B21: Evi Suryanti | C21: ='GANG MASJID 20223'!O21 -> 2500 | N21: =SUM(C21:M21) -> 2500 | P21: =N21-O21 -> 2500
A22: 19 | B22: Nunung Sri Nurjanah | C22: ='GANG MASJID 20223'!O22 -> 44900 | N22: =SUM(C22:M22) -> 44900 | P22: =N22-O22 -> 44900
A23: 20 | B23: Hasnawati | C23: ='GANG MASJID 20223'!O23 -> 3750 | N23: =SUM(C23:M23) -> 3750 | P23: =N23-O23 -> 3750
A24: 21 | B24: Bayinah | C24: ='GANG MASJID 20223'!O24 -> 0 | N24: =SUM(C24:M24) -> 0 | P24: =N24-O24 -> 0
A25: 22 | B25: Mutmainah | C25: ='GANG MASJID 20223'!O25 -> 199300 | F25: 19200 | H25: 8000 | N25: =SUM(C25:M25) -> 226500 | P25: =N25-O25 -> 226500
A26: 23 | B26: Mira Handayani | C26: ='GANG MASJID 20223'!O26 -> 0 | N26: =SUM(C26:M26) -> 0 | P26: =N26-O26 -> 0
A27: 24 | B27: M. Juheri | C27: ='GANG MASJID 20223'!O27 -> 4000 | N27: =SUM(C27:M27) -> 4000 | P27: =N27-O27 -> 4000
A28: 25 | B28: Imanudin | C28: ='GANG MASJID 20223'!O28 -> 0 | N28: =SUM(C28:M28) -> 0 | P28: =N28-O28 -> 0
C29: ='GANG MASJID 20223'!O29 -> 0 | N29: =SUM(C29:M29) -> 0 | P29: =N29-O29 -> 0
N30: =sum(N4:N29) -> 1790375 | O30: =sum(O4:O29) -> 0 | P30: =N30-O30 -> 1790375
B31: Jumlah Nasabah Menabung
B32: Total Transaksi | C32: =SUM(C4:C29) -> 1514575 | D32: =SUM(D4:D29) -> 72400 | E32: =SUM(E4:E29) -> 31900 | F32: =SUM(F4:F29) -> 115150 | G32: =SUM(G4:G29) -> 25500 | H32: =sum(H4:H29) -> 30850 | I32: =sum(I4:I29) -> 0 | J32: =sum(J4:J29) -> 0 | K32: =sum(K4:K29) -> 0 | L32: =sum(L4:L29) -> 0 | M32: =sum(M4:M29) -> 0 | N32: =SUM(N4:N29) -> 1790375

Sheet GANG MASJID 20223
D1: DAFTAR NASABAH BANK SAMPAH DIGITAL
A3: No | B3: Nama Lengkap | C3: Sisa Saldo 2023 | D3: Jan | E3: Feb | F3: Mart | G3: April | H3: Mei | I3: Juni | J3: Agustus | K3: September | L3: Oktober | M3: Jumlah Total | N3: Pencairan | O3: Sisa Saldo
A4: 1 | B4: Jajat Sudrajat | C4: ='GANG MASJID'!T4 -> 64950 | I4: 13000 | M4: =SUM(C4:L4) -> 77950 | O4: =M4-N4 -> 77950
A5: 2 | B5: Hafifah | C5: ='GANG MASJID'!T5 -> 19250 | D5: 25750 | I5: 13000 | L5: 6450 | M5: =SUM(C5:L5) -> 64450 | O5: =M5-N5 -> 64450
A6: 3 | B6: Hamidah | C6: ='GANG MASJID'!T6 -> 86450 | F6: 38250 | H6: 17000 | I6: 13250 | M6: =SUM(C6:L6) -> 154950 | N6: 140000 | O6: =M6-N6 -> 14950 | P6: 45236
A7: 4 | B7: Imam Hambali | C7: ='GANG MASJID'!T7 -> 282550 | F7: 44000 | H7: 87400 | K7: 30150 | M7: =SUM(C7:L7) -> 444100 | O7: =M7-N7 -> 444100
A8: 5 | B8: Yesi Rahmawati | C8: ='GANG MASJID'!T8 -> 27050 | M8: =SUM(C8:L8) -> 27050 | O8: =M8-N8 -> 27050
A9: 6 | B9: Zainul Falah | C9: ='GANG MASJID'!T9 -> 0 | M9: =SUM(C9:L9) -> 0 | O9: =M9-N9 -> 0
A10: 7 | B10: TB Hidayatullah | C10: ='GANG MASJID'!T10 -> 0 | M10: =SUM(C10:L10) -> 0 | O10: =M10-N10 -> 0
A11: 8 | B11: Sutilah | C11: ='GANG MASJID'!T11 -> 305700 | E11: 21850 | H11: 22000 | I11: 33850 | K11: 11750 | M11: =SUM(C11:L11) -> 395150 | N11: 300000 | O11: =M11-N11 -> 95150 | P11: 45236
A12: 9 | B12: Hikmaturochman | C12: ='GANG MASJID'!T12 -> 80200 | H12: 11000 | K12: 7550 | L12: 9750 | M12: =SUM(C12:L12) -> 108500 | O12: =M12-N12 -> 108500
A13: 10 | B13: Hasunah | C13: ='GANG MASJID'!T13 -> 120150 | M13: =SUM(C13:L13) -> 120150 | O13: =M13-N13 -> 120150
A14: 11 | B14: Tuti Aisyah | C14: ='GANG MASJID'!T14 -> 7700 | M14: =SUM(C14:L14) -> 7700 | O14: =M14-N14 -> 7700
A15: 12 | B15: Edi Maryadi | C15: ='GANG MASJID'!T15 -> 0 | M15: =SUM(C15:L15) -> 0 | O15: =M15-N15 -> 0
A16: 13 | B16: Hadijah | C16: ='GANG MASJID'!T16 -> 117150 | F16: 13500 | I16: 58100 | K16: 4750 | L16: 17500 | M16: =SUM(C16:L16) -> 211000 | O16: =M16-N16 -> 211000
A17: 14 | B17: Ulfah | C17: ='GANG MASJID'!T17 -> 65300 | M17: =SUM(C17:L17) -> 65300 | O17: =M17-N17 -> 65300
A18: 15 | B18: Rosilawati | C18: ='GANG MASJID'!T18 -> 116700 | J18: 6000 | M18: =SUM(C18:L18) -> 122700 | N18: 122000 | O18: =M18-N18 -> 700 | P18: 45086
A19: 16 | B19: Wawan Qurroten | C19: ='GANG MASJID'!T19 -> 312150 | D19: 31250 | F19: 59950 | I19: 13500 | M19: =SUM(C19:L19) -> 416850 | N19: 400000 | O19: =M19-N19 -> 16850 | P19: 45236
A20: 17 | B20: Ani Meilani | C20: ='GANG MASJID'!T20 -> 6275 | M20: =SUM(C20:L20) -> 6275 | O20: =M20-N20 -> 6275
A21: 18 | B21: Evi Suryanti | C21: ='GANG MASJID'!T21 -> 2500 | M21: =SUM(C21:L21) -> 2500 | O21: =M21-N21 -> 2500
A22: 19 | B22: Nunung Sri Nurjanah | C22: ='GANG MASJID'!T22 -> 44900 | M22: =SUM(C22:L22) -> 44900 | O22: =M22-N22 -> 44900
A23: 20 | B23: Hasnawati | C23: ='GANG MASJID'!T23 -> 3750 | M23: =SUM(C23:L23) -> 3750 | O23: =M23-N23 -> 3750
A24: 21 | B24: Bayinah | C24: ='GANG MASJID'!T24 -> 0 | M24: =SUM(C24:L24) -> 0 | O24: =M24-N24 -> 0
A25: 22 | B25: Mutmainah | C25: ='GANG MASJID'!T25 -> 123300 | D25: 13000 | F25: 14500 | H25: 13750 | J25: 34750 | M25: =SUM(C25:L25) -> 199300 | O25: =M25-N25 -> 199300
A26: 23 | B26: Mira Handayani | C26: ='GANG MASJID'!T26 -> 0 | M26: =SUM(C26:L26) -> 0 | O26: =M26-N26 -> 0
A27: 24 | B27: M. Juheri | C27: ='GANG MASJID'!T27 -> 4000 | M27: =SUM(C27:L27) -> 4000 | O27: =M27-N27 -> 4000
A28: 25 | B28: Imanudin | C28: ='GANG MASJID'!T28 -> 0 | M28: =SUM(C28:L28) -> 0 | O28: =M28-N28 -> 0
C29: ='GANG MASJID'!T29 -> 0 | M29: =SUM(C29:L29) -> 0 | O29: =M29-N29 -> 0
M30: =sum(M4:M29) -> 2476575 | N30: =sum(N4:N29) -> 962000 | O30: =M30-N30 -> 1514575
B31: Jumlah Nasabah Menabung
B32: Total Transaksi | C32: =SUM(C4:C29) -> 1790025 | D32: =SUM(D4:D29) -> 70000 | E32: =SUM(E4:E29) -> 21850 | F32: =SUM(F4:F29) -> 170200 | G32: =SUM(G4:G29) -> 0 | H32: =SUM(H4:H29) -> 151150 | I32: =SUM(I4:I29) -> 144700 | M32: =SUM(M4:M29) -> 2476575

Sheet MULTILAYER
D1: DAFTAR NASABAH BANK SAMPAH DIGITAL
A3: No | B3: Nama Lengkap | C3: Sep | D3: Okt | E3: Nov | F3: Des | G3: Jan | H3: Feb | I3: Mart | J3: Ap | K3: Mei | L3: Jun | M3: Jul | N3: Agst | O3: Sep | P3: Okt | Q3: Nov | R3: Jan | S3: Feb | T3: Mart | U3: Mei | V3: Jun | W3: Agst | X3: Sep | Y3: Jumlah Total
A4: 1 | B4: Jajat Sudrajat | C4: 3 | F4: 6.5 | G4: 2.5 | K4: 5 | M4: 3 | N4: 1.5 | P4: 4.5 | Q4: 1.5 | Y4: =SUM(C4:S4) -> 27.5
A5: 2 | B5: Hafifah | D5: 2.5 | H5: 5.5 | J5: 4 | N5: 5 | R5: 7 | V5: 8 | Y5: =SUM(C5:S5) -> 24
A6: 3 | B6: Hamidah | F6: 5.5 | G6: 2 | H6: 0.5 | J6: 5.5 | L6: 2 | O6: 3 | Q6: 4 | Y6: =SUM(C6:S6) -> 22.5
A7: 4 | B7: Imam Hambali | C7: 10 | E7: 9.5 | F7: 4.5 | H7: 10.5 | K7: 18 | N7: 4 | P7: 4.5 | R7: 11 | T7: 6.5 | U7: 10 | X7: 4 | Y7: =SUM(C7:T7) -> 78.5
A8: 5 | B8: Yesi Rahmawati | F8: 0.5 | H8: 1 | K8: 8 | N8: 1 | Y8: =SUM(C8:S8) -> 10.5
A9: 6 | B9: Zainul Falah | Y9: =SUM(C9:S9) -> 0
A10: 7 | B10: TB Hidayatullah | Y10: =SUM(C10:S10) -> 0
A11: 8 | B11: Sutilah | G11: 1 | K11: 2 | L11: 1 | M11: 1 | N11: 1.5 | O11: 0.5 | P11: 3 | Q11: 2 | S11: 1.5 | U11: 1 | V11: 1 | X11: 1.5 | Y11: =SUM(C11:S11) -> 13.5
A12: 9 | B12: Hikmaturochman | C12: 9 | E12: 1 | F12: 0.5 | G12: 1 | H12: 3 | I12: 4 | J12: 6 | K12: 5 | L12: 5.5 | M12: 8.5 | N12: 3.5 | O12: 3 | Q12: 5 | S12: 1.5 | U12: 5.5 | X12: 6 | Y12: =SUM(C12:S12) -> 56.5
A13: 10 | B13: Hasunah | C13: 2.5 | F13: 7.5 | H13: 9 | K13: 4 | M13: 2 | O13: 1.5 | Q13: 3 | Y13: =SUM(C13:S13) -> 29.5
A14: 11 | B14: Tuti Aisyah | E14: 6 | F14: 0.5 | G14: 3.5 | H14: 1.5 | J14: 1.5 | Y14: =SUM(C14:S14) -> 13
A15: 12 | B15: Edi Maryadi | Y15: =SUM(C15:S15) -> 0
A16: 13 | B16: Hadijah | F16: 2 | K16: 2 | L16: 7 | M16: 3 | N16: 1.5 | O16: 2 | Q16: 3.5 | R16: 1 | T16: 0.5 | Y16: =SUM(C16:T16) -> 22.5
A17: 14 | B17: Ulfah | E17: 6 | Y17: =SUM(C17:S17) -> 6
A18: 15 | B18: Rosilawati | C18: 6 | E18: 2 | Y18: =SUM(C18:S18) -> 8
A19: 16 | B19: Wawan Qurroten | G19: 1 | I19: 1 | K19: 3 | L19: 1,5 | O19: 2 | R19: 4.5 | Y19: =SUM(C19:S19) -> 11.5
A20: 17 | B20: Ani Meilani | Y20: =SUM(C20:S20) -> 0
A21: 18 | B21: Evi Suryanti | E21: 5 | F21: 0.5 | Y21: =SUM(C21:S21) -> 5.5
A22: 19 | B22: Nunung Sri Nurjanah | Y22: =SUM(C22:S22) -> 0
A23: 20 | B23: Hasnawati | E23: 4 | G23: 1.5 | I23: 2 | Y23: =SUM(C23:S23) -> 7.5
A24: 21 | B24: Bayinah | D24: 1.5 | Y24: =SUM(C24:S24) -> 1.5
A25: 22 | B25: Mutmainah | F25: 0.5 | H25: 1 | J25: 1.5 | K25: 1 | M25: 1 | O25: 1 | Q25: 1 | R25: 0.5 | U25: 2 | W25: 0.5 | Y25: =SUM(C25:S25) -> 7.5
A26: 23 | B26: Mira Handayani | Y26: =SUM(C26:S26) -> 0
A27: 24 | B27: M. Juheri | Y27: =SUM(C27:S27) -> 0
A28: 25 | B28: Imanudin | Y28: =SUM(C28:S28) -> 0
Y29: =SUM(C29:S29) -> 0

Sheet GANG MASJID
D1: DAFTAR NASABAH BANK SAMPAH DIGITAL
A3: No | B3: Nama Lengkap | C3: September | D3: Oktober | E3: November | F3: Desember | G3: Januari | H3: Februari | I3: Maret | J3: April | K3: Mei | L3: Juni | M3: Juli | N3: Agustus | O3: September | P3: Oktober | Q3: November | R3: Jumlah Total | S3: Total Dicairkan | T3: Sisa Saldo
A4: 1 | B4: Jajat Sudrajat | C4: 10450 | F4: 12100 | G4: 16300 | K4: 39200 | M4: 49400 | N4: 34650 | P4: 22450 | Q4: 30400 | R4: =SUM(C4:Q4) -> 214950 | S4: 150000 | T4: =R4-S4 -> 64950
A5: 2 | B5: Hafifah | C5: 13750 | D5: 16100 | E5: 4900 | H5: 28000 | J5: 16750 | N5: 18750 | R5: =SUM(C5:O5) -> 98250 | S5: 79000 | T5: =R5-S5 -> 19250 | U5: 23/4/22
A6: 3 | B6: Hamidah | C6: 39100 | D6: 24900 | F6: 29800 | G6: 7800 | H6: 10200 | J6: 27100 | L6: 25350 | O6: 19450 | Q6: 32750 | R6: =SUM(C6:Q6) -> 216450 | S6: 130000 | T6: =R6-S6 -> 86450 | U6: 23/4/22
A7: 4 | B7: Imam Hambali | C7: 12000 | E7: 55500 | F7: 94600 | H7: 29000 | K7: 49250 | N7: 4500 | P7: 37700 | R7: =SUM(C7:P7) -> 282550 | T7: =R7-S7 -> 282550
A8: 5 | B8: Yesi Rahmawati | C8: 31250 | D8: 17500 | F8: 18300 | H8: 1900 | K8: 4000 | N8: 14100 | R8: =SUM(C8:O8) -> 87050 | S8: 60000 | T8: =R8-S8 -> 27050
A9: 6 | B9: Zainul Falah | R9: =SUM(C9:O9) -> 0 | T9: =R9-S9 -> 0
A10: 7 | B10: TB Hidayatullah | D10: 11000 | E10: 6000 | J10: 24000 | R10: =SUM(C10:O10) -> 41000 | S10: 41000 | T10: =R10-S10 -> 0 | U10: 23/4/22
A11: 8 | B11: Sutilah | D11: 27000 | E11: 13500 | G11: 39350 | H11: 25600 | I11: 13850 | K11: 34200 | L11: 65600 | M11: 18400 | N11: 22400 | O11: 27900 | Q11: 17900 | R11: =SUM(C11:Q11) -> 305700 | T11: =R11-S11 -> 305700
A12: 9 | B12: Hikmaturochman | C12: 30500 | D12: 28900 | E12: 17950 | F12: 15150 | G12: 12800 | H12: 13200 | I12: 12650 | J12: 24500 | K12: 93050 | L12: 6100 | M12: 15650 | N12: 24400 | O12: 15000 | P12: 11000 | Q12: 9350 | R12: =SUM(C12:Q12) -> 330200 | S12: 250000 | T12: =R12-S12 -> 80200
A13: 10 | B13: Hasunah | C13: 29500 | F13: 10150 | H13: 5900 | K13: 41500 | M13: 12700 | O13: 20400 | Q13: 40650 | R13: =SUM(C13:O13) -> 120150 | T13: =R13-S13 -> 120150
A14: 11 | B14: Tuti Aisyah | C14: 24400 | D14: 56350 | E14: 34400 | F14: 20150 | G14: 28300 | H14: 7500 | I14: 86200 | J14: 40400 | R14: =SUM(C14:O14) -> 297700 | S14: 290000 | T14: =R14-S14 -> 7700 | U14: 23/04/22
A15: 12 | B15: Edi Maryadi | R15: =SUM(C15:O15) -> 0 | T15: =R15-S15 -> 0
A16: 13 | B16: Hadijah | C16: 8600 | D16: 22300 | F16: 4500 | H16: 15600 | K16: 34350 | M16: 7000 | N16: 24800 | Q16: 24250 | R16: =SUM(C16:O16) -> 117150 | T16: =R16-S16 -> 117150
A17: 14 | B17: Ulfah | E17: 53800 | H17: 11500 | R17: =SUM(C17:O17) -> 65300 | T17: =R17-S17 -> 65300
A18: 15 | B18: Rosilawati | C18: 3200 | D18: 27600 | E18: 7500 | F18: 8000 | G18: 15800 | K18: 17500 | L18: 30100 | O18: 7000 | R18: =SUM(C18:O18) -> 116700 | T18: =R18-S18 -> 116700
A19: 16 | B19: Wawan Qurroten | D19: 36800 | E19: 107850 | G19: 23200 | I19: 50850 | J19: 24750 | K19: 18300 | L19: 22250 | O19: 28150 | R19: =SUM(C19:O19) -> 312150 | T19: =R19-S19 -> 312150
A20: 17 | B20: Ani Meilani | C20: 11000 | D20: 32000 | E20: 20275 | I20: 13000 | R20: =SUM(C20:O20) -> 76275 | S20: 70000 | T20: =R20-S20 -> 6275 | U20: 23/04/22
A21: 18 | B21: Evi Suryanti | E21: 34050 | F21: 33450 | R21: =SUM(C21:O21) -> 67500 | S21: 65000 | T21: =R21-S21 -> 2500 | U21: 44844
A22: 19 | B22: Nunung Sri Nurjanah | C22: 22400 | D22: 22500 | R22: =SUM(C22:O22) -> 44900 | T22: =R22-S22 -> 44900
A23: 20 | B23: Hasnawati | C23: 7750 | D23: 13400 | E23: 15350 | G23: 20800 | I23: 16450 | R23: =SUM(C23:O23) -> 73750 | S23: 70000 | T23: =R23-S23 -> 3750 | U23: 44844
A24: 21 | B24: Bayinah | D24: 58000 | E24: 1000 | R24: =SUM(C24:O24) -> 59000 | S24: 59000 | T24: =R24-S24 -> 0 | U24: 23/4/22
A25: 22 | B25: Mutmainah | D25: 18000 | E25: 6500 | F25: 7300 | H25: 11000 | J25: 20500 | K25: 11000 | L25: 7500 | M25: 10000 | O25: 13000 | P25: 7500 | Q25: 11000 | R25: =SUM(C25:Q25) -> 123300 | T25: =R25-S25 -> 123300
A26: 23 | B26: Mira Handayani | R26: =SUM(C26:O26) -> 0 | T26: =R26-S26 -> 0
A27: 24 | B27: M. Juheri | D27: 4000 | R27: =SUM(C27:O27) -> 4000 | T27: =R27-S27 -> 4000
A28: 25 | B28: Imanudin | R28: =SUM(C28:O28) -> 0 | T28: =R28-S28 -> 0
R29: =SUM(C29:K29) -> 0 | T29: =R29-S29 -> 0
B31: Jumlah Nasabah Menabung | C31: 13 | D31: 15 | E31: 14 | F31: 11 | G31: 8 | H31: 11 | I31: 6 | J31: 7 | K31: 10 | L31: 6 | M31: 6 | N31: 7 | O31: 7
B32: Total Transaksi | C32: =SUM(C4:C29) -> 243900 | D32: =SUM(D4:D29) -> 416350 | E32: =SUM(E4:E29) -> 378575 | F32: =SUM(F4:F29) -> 253500 | G32: =SUM(G4:G29) -> 164350 | H32: =SUM(H4:H29) -> 159400 | I32: =SUM(I4:I29) -> 193000 | J32: =SUM(J4:J29) -> 178000 | ... P32: =SUM(P4:P29) -> 78650 | Q32: =sum(Q4:Q29) -> 166300 | R32: =SUM(R4:R29) -> 3054025 | S32: =SUM(S4:S29) -> 1264000 | T32: =SUM(T4:T29) -> 1790025

Sheet DATA NASABAH
B1: Nama Bank Sampah
B2: Pengurus | D2: 1. Hikmaturochman
A5: NO | B5: NAMA LENGKAP | C5: ID Nasabah | D5: NO HP | E5: IDENTITAS | F5: ALAMAT | G5: JENIS TABUNGAN
A6: 1 | B6: Jajat Sudrajat | C6: 01-02-0021-001 | D6: 089627419836 | E6: 360430050464003 | F6: Gang Masjid RT 03 RW 01, Desa Anyar | G6: UANG
A7: 2 | B7: Hafifah | C7: 01-02-0021-002 | D7: 085946564155 | F7: Gang Masjid RT 03 RW 01, Desa Anyar | G7: UANG
A8: 3 | B8: Hamidah | C8: 01-02-0021-003 | D8: 089517295342 | E8: 360430417660001 | F8: Gang Masjid RT 03 RW 01, Desa Anyar | G8: UANG
A9: 4 | B9: Imam Hambali | C9: 01-02-0021-004 | D9: 087871479533 | E9: 3604301302670001 | F9: Gang Masjid No.35 RT 03 RW 01, Desa Anyar | G9: UANG
A10: 5 | B10: Yesi Rahmawati | C10: 01-02-0021-005 | D10: 085921796741 | E10: 3604304303820001 | F10: Gang Masjid RT 03 RW 01, Desa Anyar | G10: UANG
A11: 6 | B11: Zainul Falah | C11: 01-02-0021-006 | D11: 081282233053 | F11: Gang Kesehatan No.13 RT 02 Rw 01, Anyer | G11: UANG
A12: 7 | B12: TB Hidayatullah | C12: 01-02-0021-007 | D12: 087774292185 | F12: Gang Masjid RT 03 RW 01, Desa Anyar | G12: UANG
A13: 8 | B13: Sutilah | C13: 01-02-0021-008 | D13: 087789269206 | E13: 3604305704650001 | F13: Gang Masjid No.27 RT 03 RW 01, Anyar | G13: UANG
A14: 9 | B14: Hikmaturochman | C14: 01-02-0021-009 | D14: 087886128705 | E14: 3604302912640001 | F14: Gang Masjid No.31 RT 03 RW 01, Anyar | G14: UANG
A15: 10 | B15: Hasunah | C15: 01-02-0021-010 | D15: 087774098160 | E15: 3604304406610001 | F15: Gang Masjid RT 03 RW 01, Anyar | G15: UANG
A16: 11 | B16: Tuti Aisyah | C16: 01-02-0021-011 | D16: 087871483797 | E16: 3604304407700001 | F16: Gang Masjid RT 03 RW 01, Anyar | G16: UANG
A17: 12 | B17: Edi Maryadi | C17: 01-02-0021-012 | D17: 081809593281 | E17: 3604301806750001 | F17: Gang Masjid RT 03 RW 01, Anyar | G17: UANG
A18: 13 | B18: Hadijah | C18: 01-02-0021-013 | D18: 087884141586 | E18: 3604304404760001 | F18: Gang Masjid RT 03 RW 01, Anyar | G18: UANG
A19: 14 | B19: Ulfah | C19: 01-02-0021-014 | E19: 3604304808650001 | F19: Gang Masjid RT 03 RW 01, Anyar | G19: UANG
A20: 15 | B20: Rosilawati | C20: 01-02-0021-015 | D20: 085946384499 | E20: 3604304412810001 | F20: Gang Masjid RT 03 RW 01, Anyar | G20: UANG
A21: 16 | B21: Wawan Qurroten | C21: 01-02-0021-016 | D21: 0817884361 | E21: 360430407730002 | F21: Gang Masjid RT 03 RW 01, Anyar | G21: UANG
A22: 17 | B22: Ani Meilani | C22: 01-02-0021-017 | D22: 085774023974 | E22: 3604306005820001 | F22: Gang Masjid RT 03 RW 01, Anyar | G22: UANG
A23: 18 | B23: Evi Suryanti | C23: 01-02-0021-018 | D23: 083890834573 | E23: 367204560980001 | F23: Gang Masjid RT 03 RW 01, Anyar | G23: UANG
A24: 19 | B24: Nunung Sri Nurjanah | C24: 01-02-0021-019 | D24: 087810180034 | E24: 3604304409690001 | F24: Gang Masjid RT 03 RW 01, Anyar | G24: UANG
A25: 20 | B25: Hasnawati | C25: 01-02-0021-020 | D25: 085813325159 | E25: 3602095404870002 | F25: Gang Masjid RT 03 RW 01, Anyar | G25: UANG
A26: 21 | B26: Bayinah | C26: 01-02-0021-021 | D26: 087772594917 | E26: 3604305910750403 | F26: Gang Masjid RT 03/R01 Anyer | G26: UANG
A27: 22 | B27: Mutmainah | C27: 01-02-0021-022 | D27: 083877129182 | E27: 3604304205560001 | F27: Gang Masjid RT 03/R01 Anyer | G27: UANG
A28: 23 | B28: Mira Handayani | C28: 01-02-0021-023 | D28: 087881740236 | E28: 3604305512850001 | F28: Gang Masjid RT 03/R01 Anyer | G28: UANG
A29: 24 | B29: M. Juheri | C29: 01-02-0021-024 | D29: 087883670024 | F29: Gang Masjid RT 03/R01 Anyer | G29: UANG
A30: 25 | B30: Imanudin | C30: 01-02-0021-025 | F30: Gang Masjid RT 03/R01 Anyer | G30: UANG
